{"name":"verifySsn","identifier":"2AFPBDGCMK","description":"gets last 4 of ssn input and validates number has four digit length","parentIntentSignature":null,"sampleUtterances":[{"utterance":"My last 4 digits are {lastFourSSN}"},{"utterance":"{lastFourSSN}"},{"utterance":"The last 4 digits are {lastFourSSN}"},{"utterance":"Here are the last four digits {lastFourSSN}"},{"utterance":"{lastFourSSN} that's my last 4"},{"utterance":"It's {lastFourSSN}"},{"utterance":"I'll provide {lastFourSSN}"},{"utterance":"You can take {lastFourSSN}"},{"utterance":"Please note down {lastFourSSN}"},{"utterance":"The digits are {lastFourSSN}"},{"utterance":"{lastFourSSN} is what I'm providing"},{"utterance":"Sure, it's {lastFourSSN}"},{"utterance":"I’m giving you {lastFourSSN}"},{"utterance":"Let me give you {lastFourSSN}"},{"utterance":"{lastFourSSN} that's it"},{"utterance":"I’ll confirm {lastFourSSN}"},{"utterance":"it is {lastFourSSN}"}],"intentConfirmationSetting":null,"intentClosingSetting":{"isActive":true,"nextStep":{"sessionAttributes":{"SSN":"{lastFourSSN}"},"dialogAction":{"type":"EndConversation","slotToElicit":null,"suppressNextMessage":null},"intent":{"name":null,"slots":null}},"closingResponse":{"messageGroupsList":[{"message":{"ssmlMessage":null,"customPayload":null,"plainTextMessage":{"value":"Thank you.  I have verified your social security number."},"imageResponseCard":null},"variations":null}],"allowInterrupt":true}},"initialResponseSetting":{"conditional":null,"codeHook":{"isActive":true,"enableCodeHookInvocation":true,"invocationLabel":null,"postCodeHookSpecification":{"failureResponse":null,"failureNextStep":{"sessionAttributes":null,"dialogAction":{"type":"EndConversation","slotToElicit":null,"suppressNextMessage":null},"intent":{"name":null,"slots":null}},"failureConditional":null,"successResponse":null,"successNextStep":{"sessionAttributes":null,"dialogAction":{"type":"ElicitSlot","slotToElicit":"lastFourSSN","suppressNextMessage":null},"intent":{"name":null,"slots":null}},"successConditional":null,"timeoutResponse":null,"timeoutNextStep":{"sessionAttributes":null,"dialogAction":{"type":"EndConversation","slotToElicit":null,"suppressNextMessage":null},"intent":{"name":null,"slots":null}},"timeoutConditional":null}},"nextStep":{"sessionAttributes":null,"dialogAction":{"type":"InvokeDialogCodeHook","slotToElicit":null,"suppressNextMessage":null},"intent":{"name":null,"slots":null}},"initialResponse":null},"inputContexts":null,"outputContexts":null,"kendraConfiguration":null,"qnAIntentConfiguration":null,"bedrockAgentIntentConfiguration":null,"qInConnectIntentConfiguration":null,"dialogCodeHook":null,"fulfillmentCodeHook":{"isActive":true,"postFulfillmentStatusSpecification":{"failureResponse":null,"failureNextStep":{"sessionAttributes":null,"dialogAction":{"type":"CloseIntent","slotToElicit":null,"suppressNextMessage":null},"intent":{"name":null,"slots":null}},"successResponse":null,"successNextStep":{"sessionAttributes":null,"dialogAction":{"type":"CloseIntent","slotToElicit":null,"suppressNextMessage":null},"intent":{"name":null,"slots":null}},"timeoutResponse":null,"timeoutNextStep":{"sessionAttributes":null,"dialogAction":{"type":"CloseIntent","slotToElicit":null,"suppressNextMessage":null},"intent":{"name":null,"slots":null}}},"fulfillmentUpdatesSpecification":null,"enabled":false},"slotPriorities":[{"priority":1,"slotName":"lastFourSSN"}]}